0,Kingdom of Heaven,Ridley Scott,2005,144
1,Kingdom of Heaven,Ridley Scott,2005,144
2,Kingdom of Heaven,Ridley Scott,2005,144
3,Kingdom of Heaven,Ridley Scott,2005,144
4,Kingdom of Heaven,Ridley Scott,2005,144
5,Kingdom of Heaven,Ridley Scott,2005,144
6,Kingdom of Heaven,Ridley Scott,2005,144
7,add,add,1999,123
8,Add,Add,1999,123
9,Add,Add,1999,123
10,add,add,1999,132
11,add,add,1999,132
12,adad,adad,1988,123
13,adad,adad,1988,123
14,adad,adad,1988,123
15,adad,adad,1988,123
16,add,adda,1978,123
17,add,adda,1978,123
18,add,adda,1978,123
19,add,adda,1978,123
20,add,adda,1978,123
21,add,adda,1978,123
22,add,adda,1978,123
